{
  "RandomForest": {
    "rmse_log": 0.1380984625635053,
    "rmse_orig": 27534.556619382252
  },
  "LightGBM": {
    "rmse_log": 0.13023755550865035,
    "rmse_orig": 24812.903398141083
  },
  "XGBoost": {
    "rmse_log": 0.12854375607520663,
    "rmse_orig": 23967.9854956485
  }
}
